"","last_first","player_id","year","ppa","hitcountrate","pa","bb_percent","b_total_pitches","xslg","squared_up_swing","exit_velocity_avg","oz_swing_percent","whiff_percent","flyballs_percent"
"1","CJ Abrams",682928,2024,3.755813953,0.1718266254,602,6.6,2261,0.409,24.7,88.2,64.6,75.3,28
"2","José Abreu",547989,2024,4.05,0.1746031746,120,3.3,486,0.24,21.4,87.8,66.7,70.3,25.6
"3","Wilyer Abreu",677800,2024,4.040268456,0.2158119658,447,8.9,1806,0.418,22.6,91.6,71.8,70.4,34.1
"4","Ronald Acuña Jr.",660670,2024,4.076576577,0.3185840708,222,12.2,905,0.427,22.3,92.2,78.6,72.5,21.6
"5","Luisangel Acuña",682668,2024,3.4,0.1590909091,40,2.5,136,0.424,23.5,91,69.2,75.7,24.2
"6","Willy Adames",642715,2024,3.972383721,0.2363387978,688,10.8,2733,0.461,21.1,88.6,71.9,70.5,36.4
"7","Jordyn Adams",677941,2024,4.157894737,0.2051282051,38,7.9,158,0.38,20,88,68.4,68.3,26.1
"8","Riley Adams",656180,2024,4.084615385,0.2132352941,130,7.7,531,0.341,18.8,89.9,69.8,71.9,21.7
"9","Jo Adell",666176,2024,4.079822616,0.2473347548,451,7.8,1840,0.418,18.2,89.8,70.3,70.2,31.6
"10","Ehire Adrianza",501303,2024,4.214285714,0.2580645161,28,7.1,118,0.292,29.3,88.4,73.3,64.6,33.3
"11","Nick Ahmed",605113,2024,3.73245614,0.1688311688,228,4.8,851,0.32,22.5,84.9,63.9,74,21.2
"12","Ozzie Albies",645277,2024,3.790804598,0.1745689655,435,6.2,1649,0.387,26.9,88.4,66.4,79.5,29
"13","Kevin Alcantara",682634,2024,2.6,0.1,10,0,26,0.256,41.7,86.3,80,92.3,11.1
"14","Blaze Alexander",677942,2024,3.859459459,0.2227979275,185,8.1,714,0.281,19.9,88.5,70.8,70.4,25.4
"15","Nick Allen",669397,2024,3.39047619,0.1028037383,105,4.8,356,0.246,30.7,84.4,72.7,81.2,13.8
"16","Pete Alonso",624413,2024,4,0.2452350699,695,10.1,2780,0.461,22.8,89.8,74.1,75.3,28.2
"17","Jose Altuve",514888,2024,3.598240469,0.1886524823,682,6.9,2454,0.399,26.1,86.5,62.7,77.9,25.9
"18","Nacho Alvarez Jr.",805373,2024,3.71875,0.1818181818,32,0,119,0.223,20.4,83.8,66.7,71.9,10
"19","Armando Alvarez",669137,2024,3.564102564,0.175,39,5.1,139,0.341,29.6,80.8,66.7,81.2,27.6
"20","Eddy Alvarez",657193,2024,4.909090909,0.4545454545,11,9.1,54,0.208,26.3,89.1,68.7,66.7,14.3
"21","Francisco Alvarez",682626,2024,3.891812865,0.2227848101,342,8.8,1331,0.358,22.8,88.8,71.1,70.4,20.5
"22","Yordan Alvarez",670541,2024,3.565354331,0.2299703264,635,10.9,2264,0.595,27.8,93.1,69.5,80.1,36.2
"23","Adael Amador",691182,2024,3.305555556,0.1111111111,36,2.8,119,0.333,23,88.2,51.9,79.7,41.4
"24","Jacob Amaya",676070,2024,4.180555556,0.28,72,5.6,301,0.222,29.2,87.8,80.8,72.3,17.5
"25","Miguel Amaya",665804,2024,3.556473829,0.1480519481,363,6.3,1291,0.371,23.4,88.4,66.4,77.5,23
"26","Tim Anderson",641313,2024,3.921161826,0.124497992,241,2.9,945,0.283,20.6,86.1,62,69.4,12.7
"27","Miguel Andujar",609280,2024,3.686520376,0.1666666667,319,4.1,1176,0.337,26.6,86.1,64.2,84,18
"28","Jonathan Aranda",666018,2024,4.006993007,0.2162162162,143,8.4,573,0.518,28.1,91.9,74.4,78.1,30.9
"29","Orlando Arcia",606115,2024,3.873754153,0.2163461538,602,6.8,2332,0.323,25.8,88.2,72.4,73.4,21.3
"30","Nolan Arenado",571448,2024,3.861417323,0.1962905719,635,6.9,2452,0.356,27.6,86.3,70,82.8,23.5
"31","Gabriel Arias",672356,2024,3.590062112,0.125,161,3.7,578,0.368,15.6,89.7,59.9,61.6,15.8
"32","Randy Arozarena",668227,2024,4.280864198,0.2630792227,648,11.3,2774,0.381,24.1,90.4,75.7,70.3,27.6
"33","Luis Arraez",650333,2024,3.595238095,0.1524475524,672,3.6,2416,0.4,43.3,86.3,64.7,93.1,25.2
"34","José Azocar",640492,2024,3.683544304,0.09523809524,79,6.3,291,0.306,15.4,86.5,50.3,70.3,25.5
"35","Akil Baddoo",668731,2024,3.87804878,0.2235294118,82,9.8,318,0.397,25,91.1,69.6,65.4,31.9
"36","Harrison Bader",664056,2024,3.768878719,0.1696035242,437,4.8,1647,0.377,25.8,87.2,66.4,75.5,23.6
"37","Ji Hwan Bae",678225,2024,3.864197531,0.2117647059,81,7.4,313,0.337,23.8,87.3,72.8,68.2,15.7
"38","Javier Báez",595879,2024,3.557093426,0.1694915254,289,4.2,1028,0.345,21.3,88.3,56.8,69.8,25.7
"39","Patrick Bailey",672275,2024,3.988839286,0.2467248908,448,8.7,1787,0.398,28.1,91.3,74.9,76.6,24.9
"40","Darren Baker",671117,2024,2.785714286,0,14,0,39,0.257,38.9,86.7,50,71.4,18.2
"41","Luken Baker",663609,2024,4.102040816,0.2452830189,49,14.3,201,0.328,23.2,91,74.3,67,32.3
"42","Brooks Baldwin",681460,2024,3.520661157,0.136,121,5,426,0.343,21,87.4,65,75.1,33.3
"43","Addison Barger",680718,2024,3.817777778,0.2077922078,225,6.2,859,0.387,23.7,88.3,68.5,72.4,26.8
"44","Austin Barnes",605131,2024,3.801282051,0.23125,156,9,593,0.292,25.5,86.3,80.4,77.2,16
"45","Tucker Barnhart",571466,2024,3.90625,0.1862745098,96,13.5,375,0.218,21.8,83.4,77.3,70.2,15.4
"46","Jorge Barrosa",678489,2024,3.444444444,0.05555555556,18,0,62,0.427,26.1,83.2,60,85.3,6.3
"47","Joey Bart",663698,2024,3.996453901,0.2169491525,282,7.8,1127,0.431,21.4,88.1,73.6,73.8,23.8
"48","Brett Baty",683146,2024,3.953216374,0.224137931,171,9.4,676,0.344,14.4,86.6,68.2,73.8,23.2
"49","Jake Bauers",641343,2024,4.369942197,0.2684931507,346,11.3,1512,0.379,17.6,89.4,80.3,70.9,35.3
"50","Jordan Beck",687597,2024,3.581521739,0.1451612903,184,6.5,659,0.329,18.4,86.1,66.5,65.2,29.2
"51","Josh Bell",605137,2024,3.711442786,0.2487961477,603,8.5,2238,0.396,27.2,88.9,72.6,73.2,23.5
"52","Cody Bellinger",641355,2024,3.660808436,0.195911414,569,7.9,2083,0.391,30.6,87.8,67.6,77.8,35
"53","Andrew Benintendi",643217,2024,3.82183908,0.2118959108,522,7.9,1995,0.389,31.9,88,74.9,78.9,31.8
"54","Will Benson",666181,2024,4.268041237,0.254950495,388,10.3,1656,0.333,16.2,89.4,78,61,35.4
"55","Steward Berroa",672642,2024,4.066666667,0.2173913043,45,17.8,183,0.183,19.6,84.7,81.5,72.5,26.1
"56","Jon Berti",542932,2024,3.662162162,0.2247191011,74,8.1,271,0.335,26.1,84.2,82.5,82.3,24.5
"57","Christian Bethancourt",542194,2024,3.510204082,0.1337579618,147,3.4,516,0.36,23.8,89.1,51.6,68.5,30.5
"58","Mookie Betts",605141,2024,3.967054264,0.2794830372,516,11.8,2047,0.447,37.2,89.9,78.9,85.1,35.3
"59","Bo Bichette",666182,2024,3.529761905,0.1563421829,336,6,1186,0.375,25.9,89.2,62.9,78,17.7
"60","Cavan Biggio",624415,2024,4.263392857,0.2672413793,224,10.7,955,0.239,19.5,82,81.9,76.2,27.1
"61","Tyler Black",672012,2024,4.192982456,0.2413793103,57,12.3,239,0.231,17.4,83,80,75.7,28.1
"62","Charlie Blackmon",453568,2024,3.847695391,0.2093023256,499,8.6,1920,0.365,23.8,84.8,70.5,80.8,26.9
"63","Dairon Blanco",680118,2024,3.477272727,0.162962963,132,6.1,459,0.37,21.9,89,69,67.1,24.4
"64","Travis Blankenhorn",663905,2024,3.8125,0.1621621622,32,3.1,122,0.244,17.2,86.7,54.9,75,9.1
"65","JJ Bleday",668709,2024,3.867601246,0.2314674735,642,10.4,2483,0.397,26.5,88.5,75.3,73.9,31.3
"66","Ryan Bliss",669208,2024,3.647887324,0.2,71,7,259,0.426,22.3,88.5,79,67.2,25.6
"67","Xander Bogaerts",593428,2024,3.86825054,0.208,463,6,1791,0.382,30.8,88.1,74.2,81.7,23.9
"68","Alec Bohm",664761,2024,3.501650165,0.1896551724,606,6.6,2122,0.444,32.5,90.4,72.8,82.4,23.4
"69","David Bote",623520,2024,3.375,0.09615384615,48,4.2,162,0.345,19.8,88.3,65.3,66.7,24.2
"70","Sean Bouchard",656248,2024,3.990740741,0.2280701754,108,11.1,431,0.281,24.7,89.8,77.8,66.3,29.5
"71","Alex Bregman",608324,2024,3.77444795,0.2232277526,634,6.9,2393,0.417,33.7,89.1,76.4,87.2,28.3
"72","Will Brennan",686823,2024,3.484419263,0.163538874,353,5.4,1230,0.374,29,86,66.3,81.9,25.1
"73","Jonah Bride",681146,2024,4.253676471,0.2570422535,272,11,1157,0.334,30.5,87.1,76.1,83.3,22.8
"74","Trenton Brooks",670092,2024,3.793103448,0.3,29,13.8,110,0.27,35,87.2,76.7,72.3,42.1
"75","Seth Brown",664913,2024,3.88,0.1901234568,400,6.3,1552,0.387,22.5,90,69.7,70.9,28.4
"76","Vidal Bruján",660644,2024,3.794964029,0.2054794521,278,9,1055,0.282,24.6,85.1,71.7,75.6,19
"77","Kris Bryant",592178,2024,3.922580645,0.2283950617,155,8.4,608,0.315,18.3,85.1,68.8,63.1,25.6
"78","Jake Burger",669394,2024,3.594127807,0.1411960133,579,5.4,2081,0.476,23.9,91.3,63.5,69.9,28.3
"79","Alec Burleson",676475,2024,3.557983193,0.1459369818,595,5.9,2117,0.435,31,89.7,65.5,80.8,25.5
"80","Michael Busch",683737,2024,4.171075838,0.2808798646,567,11.1,2365,0.418,25.2,89.9,76.8,71.6,32
"81","Lawrence Butler",671732,2024,4.024390244,0.2456896552,451,7.8,1815,0.471,23.9,91.1,72.7,73.1,26.3
"82","Byron Buxton",621439,2024,3.757731959,0.1633663366,388,5.2,1458,0.502,22,91.7,67.4,67.9,31.4
"83","José Caballero",676609,2024,3.921325052,0.1875,483,5.6,1894,0.315,20.6,83.7,65,71.1,21.7
"84","Trey Cabbage",663550,2024,3.692307692,0.2365591398,91,4.4,336,0.353,20.9,92.8,63.9,59.3,17.3
"85","Oswaldo Cabrera",665828,2024,3.886503067,0.2361516035,326,6.4,1267,0.334,27.7,88.2,70.4,81.2,23.2
"86","Willie Calhoun",641432,2024,3.771653543,0.2301886792,254,9.1,958,0.354,35.4,89,77.1,86.8,22.1
"87","Alex Call",669743,2024,4.362831858,0.2682926829,113,10.6,493,0.366,28.4,88,80.5,81.2,26.3
"88","Daz Cameron",663662,2024,3.844086022,0.1851851852,186,7,715,0.353,25.1,91.6,74,71.7,28.1
"89","Junior Caminero",691406,2024,3.553672316,0.1923076923,177,6.2,629,0.405,24.2,89.7,64.6,68.3,21.3
"90","Gustavo Campero",672569,2024,3.6875,0.1509433962,48,0,177,0.297,22.6,83.8,63.5,77.7,15.8
"91","Luis Campusano",669134,2024,3.428093645,0.173374613,299,6.7,1025,0.35,30,87.7,68.2,79.5,24.9
"92","Alexander Canario",672744,2024,3.607142857,0.2142857143,28,7.1,101,0.373,17.5,88,76.7,55.3,14.3
"93","Jeimer Candelario",600869,2024,3.846652268,0.1951710262,463,5.8,1781,0.364,24.7,86.9,65.4,70.9,30.7
"94","Mark Canha",592192,2024,4.212121212,0.2526315789,462,11,1946,0.306,29.1,88.4,76.4,78.2,21.9
"95","Dominic Canzone",686527,2024,3.70212766,0.1917098446,188,9.6,696,0.426,24.2,89.9,63,65.6,33.3
"96","Victor Caratini",605170,2024,3.791970803,0.1917808219,274,8.4,1039,0.395,30.6,91.2,74.2,76.7,24.1
"97","Dylan Carlson",666185,2024,4.188679245,0.2418772563,265,8.3,1110,0.27,20.4,86.8,75.2,69,30.7
"98","Kerry Carpenter",681481,2024,3.820945946,0.2140672783,296,7.4,1131,0.555,24.7,90.5,67.8,69.7,37.5
"99","Matt Carpenter",572761,2024,4.261146497,0.2732919255,157,9.6,669,0.35,20,85.8,79.7,71.1,35.2
"100","Corbin Carroll",682998,2024,3.871345029,0.2606837607,684,10.7,2648,0.391,27.7,89.3,75.1,79.7,22.1
"101","Evan Carter",694497,2024,4,0.243902439,162,9.3,648,0.332,24.4,86,81.5,76.6,29.4
"102","Curt Casali",592200,2024,3.808,0.2366412214,125,10.4,476,0.267,27.7,83,81.3,80.6,27.3
"103","Triston Casas",671213,2024,4.0781893,0.2619047619,243,12.3,991,0.452,20.2,90.2,76.9,67.8,31.1
"104","Nick Castellanos",592206,2024,3.556904401,0.1525179856,659,6.2,2344,0.441,23.5,88.4,62.2,69.9,30.5
"105","Willi Castro",650489,2024,3.951181102,0.2,635,8,2509,0.381,21,87.4,68.3,71,27.1
"106","Jake Cave",595909,2024,3.887283237,0.1797752809,346,5.2,1345,0.357,22.3,87.5,66.6,71.8,24.5
"107","Andrés Chaparro",665953,2024,3.977272727,0.1517241379,132,5.3,525,0.392,18.7,87.8,68,75.2,30.9
"108","Matt Chapman",656305,2024,4.182380216,0.2393939394,647,9.9,2706,0.451,21.5,93.2,75.8,76.5,28.4
"109","Jazz Chisholm Jr.",665862,2024,4.017713366,0.2449856734,621,8.5,2495,0.415,22.8,89.7,70.8,70.7,25
"110","Jackson Chourio",694192,2024,3.670157068,0.1772357724,573,6.8,2103,0.43,25.9,89.7,68.1,72.9,24.4
"111","Jonatan Clase",682729,2024,4.045454545,0.2272727273,66,4.5,267,0.243,20.7,87.9,70.5,74.8,38.6
"112","Kody Clemens",665019,2024,3.9,0.1578947368,120,4.2,468,0.345,25.5,89.4,66.5,74.3,36.5
"113","Ernie Clement",676391,2024,3.205752212,0.07391304348,452,2.4,1449,0.373,36.9,85.5,56.7,85.6,27.2
"114","Oscar Colás",693049,2024,3.789473684,0.1951219512,38,10.5,144,0.29,17.9,89.9,62.7,74.7,8.7
"115","Isaac Collins",686555,2024,4.578947368,0.4736842105,19,10.5,87,0.124,16.1,87.2,86.8,60,28.6
"116","Michael Conforto",624424,2024,4.026639344,0.2356435644,488,8.6,1965,0.479,25.3,90.2,75.5,74.8,29.1
"117","Griffin Conine",665052,2024,3.752808989,0.1595744681,89,6.7,334,0.373,17.9,89.1,67.1,71.6,20.4
"118","William Contreras",661388,2024,3.942562592,0.2859078591,679,11.5,2677,0.471,26.1,92.8,74.4,72.2,19.4
"119","Willson Contreras",575929,2024,3.860335196,0.2295081967,358,12.6,1382,0.455,18.6,91.6,70.1,65,24.4
"120","Billy Cook",695257,2024,3.755102041,0.1176470588,49,0,184,0.432,21.1,92.6,63.1,60.2,26.7
"121","Garrett Cooper",643265,2024,3.879310345,0.2051282051,116,6,450,0.412,20.6,85.9,63,70.5,30.6
"122","Carlos Correa",621043,2024,3.746594005,0.2342105263,367,10.9,1375,0.451,26.2,90.3,74.5,79.6,22.9
"123","Colton Cowser",681297,2024,4.11942959,0.2329931973,561,9.3,2311,0.437,22.8,90.5,75,69.6,30.6
"124","Brandon Crawford",543063,2024,4.0125,0.225,80,10,321,0.308,17.4,89.7,71,64.2,20
"125","J.P. Crawford",641487,2024,4.237250554,0.253164557,451,11.5,1911,0.363,23.3,87.5,81.8,79.8,24.4
"126","Dylan Crews",686611,2024,3.939393939,0.170212766,132,8.3,520,0.418,30.5,89,73.4,77.2,21.3
"127","Jake Cronenworth",630105,2024,4.195121951,0.2588904694,656,9.3,2752,0.42,26.6,88.6,76.9,82.9,25.3
"128","Pete Crow-Armstrong",691718,2024,3.465853659,0.1290322581,410,5.1,1421,0.367,23.7,88.9,58.6,70.1,29.8
"129","Oneil Cruz",665833,2024,3.974958264,0.2157809984,599,8.5,2381,0.461,22.9,95.5,68.3,65.9,20.6
"130","Travis d'Arnaud",518595,2024,3.970674487,0.2250712251,341,7,1354,0.434,21.1,89.9,72.7,67.2,27.5
"131","David Dahl",621311,2024,4.290322581,0.2352941176,62,4.8,266,0.376,20.8,87.1,63.7,66.7,39.5
"132","Bobby Dalbec",666915,2024,4.440860215,0.21875,93,8.6,413,0.171,15.4,86,71.6,58.2,39
"133","Henry Davis",680779,2024,4.270491803,0.264,122,10.7,521,0.228,14.5,85.3,75.6,63.7,21
"134","J.D. Davis",605204,2024,3.738853503,0.1666666667,157,7.6,587,0.347,22.3,89.1,75.3,65.2,16.5
"135","Bryan De La Cruz",650559,2024,3.848874598,0.1595092025,622,4.7,2394,0.419,23.7,89.6,67.4,69.9,29.8
"136","Elly De La Cruz",682829,2024,3.952586207,0.2452054795,696,9.9,2751,0.428,22.1,91.8,73.1,66.6,24.8
"137","Luis De Los Santos",665782,2024,3.903225806,0.2258064516,31,6.5,121,0.227,17,84.9,67.7,73.6,15.8
"138","Paul DeJong",657557,2024,3.840248963,0.1305220884,482,4.8,1851,0.395,18.3,87.8,65.7,65.1,33.3
"139","Adrian Del Castillo",680728,2024,3.862068966,0.1978021978,87,8,336,0.389,20.8,87.6,69.4,68.9,38.5
"140","Jason Delay",641511,2024,2.631578947,0.1578947368,19,15.8,50,0.239,47.1,83.2,75,76.9,18.8
"141","Zach DeLoach",676113,2024,3.973333333,0.2025316456,75,10.7,298,0.27,15.3,87.4,75.5,72.3,23.9
"142","Jonny DeLuca",676356,2024,3.715469613,0.1671087533,362,6.6,1345,0.318,20.3,84.6,62.2,76,21.4
"143","Rafael Devers",646240,2024,3.951747088,0.2524115756,601,11.1,2375,0.509,23.3,93.2,69.6,69.1,26.6
"144","Zach Dezenzo",701305,2024,3.769230769,0.1515151515,65,4.6,245,0.435,18,87.5,66.1,68.3,30
"145","Aledmys Díaz",649557,2024,3.411764706,0.05555555556,34,2.9,116,0.236,25.9,87.1,57.1,75.8,20.8
"146","Elias Díaz",553869,2024,3.769230769,0.1888888889,351,5.7,1323,0.343,19.6,87.1,66.8,72.2,17.1
"147","Yainer Diaz",673237,2024,3.437802908,0.1263650546,619,3.9,2128,0.458,26.6,90.2,57.4,76,18.7
"148","Yandy Díaz",650490,2024,3.961352657,0.2363919129,621,8.1,2460,0.423,31.9,92.2,77.2,85.8,17.8
"149","Dillon Dingler",693307,2024,3.804597701,0.1011235955,87,3.4,331,0.374,22.8,89.8,63.3,71.3,20.4
"150","Jasson Domínguez",691176,2024,4.149253731,0.3194444444,67,16.4,278,0.332,16.5,89.4,71.9,76.6,13.5
"151","Brendan Donovan",680977,2024,3.814417178,0.2041116006,652,7.2,2487,0.419,35.2,88.7,76.3,84.9,22.9
"152","Brenton Doyle",686668,2024,3.578772803,0.1739130435,603,7.6,2158,0.436,24.3,89.2,70,70.2,29.2
"153","Logan Driscoll",686482,2024,3.513513514,0.2051282051,37,2.7,130,0.357,22.6,86.6,69.4,70.8,10
"154","Brandon Drury",592273,2024,3.880555556,0.2186666667,360,7.5,1397,0.287,22.6,87.6,73.5,75.6,18.6
"155","Mauricio Dubón",643289,2024,3.387850467,0.1266666667,428,3.7,1450,0.33,27.4,86.1,58.8,81.2,23.9
"156","Matt Duffy",622110,2024,3.1,0.3,10,20,31,0.474,33.3,98.8,93.7,76.9,0
"157","Blake Dunn",694362,2024,4.137931034,0.2,29,6.9,120,0.28,18.2,85.7,71.9,63,26.7
"158","Oliver Dunn",686554,2024,4.019230769,0.2407407407,104,5.8,418,0.318,19.4,89.1,79.1,63.8,23.2
"159","Ezequiel Duran",677649,2024,3.547368421,0.1301369863,285,4.9,1011,0.309,22.7,87.1,60.7,75.3,24.3
"160","Jarren Duran",680776,2024,3.869387755,0.1878238342,735,7.3,2844,0.448,23.2,90.8,71.9,75.2,21
"161","Adam Duvall",594807,2024,3.793939394,0.1646706587,330,6.4,1252,0.387,19.5,86.9,66.5,72.3,35.1
"162","Tommy Edman",669242,2024,3.705882353,0.1965065502,153,7.2,567,0.316,30.2,87.6,74.2,76,27.9
"163","Xavier Edwards",669364,2024,3.910891089,0.2484076433,303,10.9,1185,0.321,31.5,86.1,75.2,83.1,19.3
"164","Christian Encarnacion-Strand",687952,2024,3.666666667,0.1153846154,123,3.3,451,0.432,22.2,87.8,59.5,70.6,22.9
"165","Jerar Encarnacion",666464,2024,4.117647059,0.1848739496,119,4.2,490,0.501,23,95,65.2,71.3,21.3
"166","Santiago Espinal",669289,2024,3.849104859,0.1835748792,391,6.1,1505,0.344,30.2,85.9,72,85.2,25.1
"167","Thairo Estrada",642731,2024,3.435695538,0.1208226221,381,2.6,1309,0.338,28.4,86.2,65.1,79.5,21.7
"168","Stuart Fairchild",656413,2024,3.660944206,0.2304526749,233,7.3,853,0.376,21.4,85.5,74,64.5,30.3
"169","Kyle Farmer",571657,2024,3.644628099,0.1619433198,242,7.9,882,0.361,30.4,87.7,67.3,78,36.3
"170","Hunter Feduccia",676439,2024,4.071428571,0.2857142857,14,14.3,57,0.257,13.6,83.3,92.3,80.8,20
"171","Freddy Fermin",666023,2024,3.89673913,0.1777188329,368,6.3,1434,0.334,26.3,88.2,69.2,77,21.3
"172","José Fermín",665877,2024,4.101265823,0.2025316456,79,8.9,324,0.246,35.8,85.4,78.3,89.3,15
"173","Tyler Fitzgerald",666149,2024,3.900293255,0.2128279883,341,6.5,1330,0.378,22,87.7,73.1,68.8,33.3
"174","Dominic Fletcher",666150,2024,3.734439834,0.1563786008,241,4.6,900,0.282,26.6,84.4,68.1,78.8,19.6
"175","Wilmer Flores",527038,2024,3.983471074,0.184,242,8.3,964,0.339,29.7,83.5,71.5,86.1,24.2
"176","Estevan Florial",664314,2024,4.054054054,0.2192982456,111,9.9,450,0.283,16.1,88.7,75.3,57.8,20.7
"177","Mike Ford",645801,2024,3.693548387,0.2173913043,62,3.2,229,0.299,25,86.4,71.8,74.6,28.9
"178","Nick Fortes",663743,2024,3.444776119,0.1531791908,335,3.3,1154,0.29,26.9,84.3,68.5,86.8,17.9
"179","Justin Foscue",679822,2024,4.25,0.2083333333,44,4.5,187,0.144,18.5,86.9,68.1,72,33.3
"180","Jake Fraley",641584,2024,3.484293194,0.1746835443,382,6.8,1331,0.323,20.6,84.3,68.4,78.7,21.2
"181","Ty France",664034,2024,3.790654206,0.2272727273,535,7.1,2028,0.387,24.1,88.7,73.1,75.8,27.3
"182","Adam Frazier",624428,2024,4.119047619,0.2163934426,294,7.5,1211,0.318,25.1,84.5,73.6,81.2,25.7
"183","Freddie Freeman",518692,2024,3.952978056,0.2661179698,638,12.2,2522,0.466,27.1,89.4,73.4,79.8,31.1
"184","Tyler Freeman",671289,2024,3.605744125,0.1568123393,383,7.3,1381,0.338,30.5,87.7,70.9,83.6,23.7
"185","Sal Frelick",686217,2024,3.904580153,0.1960072595,524,7.4,2046,0.304,31.7,83.4,74.2,87.1,18
"186","TJ Friedl Jr.",670770,2024,3.771260997,0.2034383954,341,7.6,1286,0.318,29.1,86,76,82.1,27.9
"187","David Fry",681807,2024,3.864795918,0.2026431718,392,10.7,1515,0.394,23,88.3,72,75.2,32.9
"188","Joey Gallo",608336,2024,4.134615385,0.2588652482,260,12.3,1075,0.348,20,90.5,78,60.4,39.3
"189","Ben Gamel",592325,2024,3.848484848,0.2871287129,99,18.2,381,0.368,30.8,89.1,83,65.8,21.1
"190","Adolis García",666969,2024,3.978021978,0.2082695253,637,7.1,2534,0.413,22.6,91,66.4,65.7,31.3
"191","Avisaíl García",541645,2024,3.647058824,0.09803921569,51,2,186,0.405,17.8,86.6,63.2,70.5,21.6
"192","Luis García",671277,2024,3.566287879,0.1724770642,528,5.1,1883,0.452,28,89.1,64,78.7,25.1
"193","Maikel Garcia",672580,2024,3.769968051,0.2148148148,626,6.7,2360,0.366,35.5,90.4,78.8,84.3,20.4
"194","Mitch Garver",641598,2024,4.220930233,0.2688888889,430,12.3,1815,0.335,24.8,89.9,80,69.2,30.8
"195","Mickey Gasper",681508,2024,4,0.1851851852,23,17.4,92,0.264,32,90.7,76.5,78.6,10
"196","Zack Gelof",680869,2024,3.756855576,0.1850533808,547,6.9,2055,0.347,19.8,89.2,70.3,63.6,27.4
"197","Andrés Giménez",665926,2024,3.791469194,0.15129683,633,4.1,2400,0.355,24.3,86.3,62.6,77.2,18.4
"198","Paul Goldschmidt",502671,2024,4.157492355,0.2085798817,654,7.2,2719,0.45,24.8,91.2,70.5,72.6,26.9
"199","Yan Gomes",543228,2024,3.90625,0.09900990099,96,2.1,375,0.364,18.2,87.1,56,65.9,35.1
"200","Nick Gonzales",693304,2024,3.542635659,0.1637717122,387,4.7,1371,0.407,25.4,87.9,65.9,75.1,25.9
"201","Romy Gonzalez",663853,2024,3.824074074,0.152173913,216,5.6,826,0.415,23.8,92.3,63.3,70.8,17.9
"202","Hunter Goodman",696100,2024,3.696428571,0.1048034934,224,3.6,828,0.403,15.8,88.2,60.1,68.5,33.6
"203","Niko Goodrum",592348,2024,4.242424242,0.2285714286,33,9.1,140,0.249,16.3,86.3,76.1,67.2,5
"204","Nick Gordon",624503,2024,3.665454545,0.1358885017,275,4,1008,0.351,22.8,86.1,57.6,68,21.9
"205","Nolan Gorman",669357,2024,3.970149254,0.2276029056,402,8.5,1596,0.433,17.2,88.5,69.7,61.3,38.9
"206","Yasmani Grandal",518735,2024,3.917695473,0.2252964427,243,9.9,952,0.419,35.3,91.1,74.4,79.9,28.3
"207","Tristan Gray",656484,2024,3.967741935,0.1875,31,9.7,123,0.189,13.8,93,65.2,48.4,33.3
"208","Riley Greene",682985,2024,4.135273973,0.263650546,584,11,2415,0.477,22.8,91.3,76.9,73.2,27.7
"209","Randal Grichuk",545341,2024,3.899641577,0.2140350877,279,7.2,1088,0.483,27.9,90.6,71.4,79.6,29
"210","Trent Grisham",663757,2024,4.086124402,0.2697674419,209,10.5,854,0.389,30.9,90.6,86.2,76.7,38.4
"211","Vaughn Grissom",687093,2024,3.885964912,0.1810344828,114,6.1,443,0.337,25.7,86.1,70.5,77.6,19.5
"212","Robbie Grossman",543257,2024,4.208163265,0.2964426877,245,13.9,1031,0.298,28.8,86.3,84.3,77.3,23.7
"213","Vladimir Guerrero Jr.",665489,2024,3.733142037,0.2163661581,697,10.3,2602,0.567,27.7,93.8,72.5,78.5,21.2
"214","Luis Guillorme",641645,2024,4.288770053,0.2551020408,187,12.3,802,0.29,32.2,85.5,76.1,81.1,21.9
"215","Lourdes Gurriel Jr.",666971,2024,3.766726944,0.1882556131,553,5.2,2083,0.421,25.7,88.4,67.1,79.8,27.1
"216","Yuli Gurriel Jr.",493329,2024,4.323076923,0.2444444444,65,13.8,281,0.328,27.4,90.3,72.1,77.7,19.5
"217","Eric Haase",606992,2024,3.913043478,0.16,69,4.3,270,0.465,23.3,90,70.2,60.6,26.3
"218","Sam Haggerty",664059,2024,3.6875,0.25,16,6.3,59,0.197,30.4,84.3,77.4,71.4,0
"219","David Hamilton",666152,2024,3.753943218,0.2175226586,317,6.9,1190,0.346,27.7,87,75.8,74.4,29.4
"220","Garrett Hampson",641658,2024,3.822510823,0.1829268293,231,6.1,883,0.282,24.5,86,73.7,77.1,29.7
"221","Mitch Haniger",571745,2024,4.156028369,0.2837528604,423,9.5,1758,0.364,24.2,90.6,76,67.7,28.6
"222","Ian Happ",664023,2024,4.141552511,0.2319884726,657,12.2,2721,0.446,23.2,90.8,76.8,72.1,30.3
"223","Bryce Harper",547180,2024,3.912836767,0.2876304024,631,12,2469,0.474,21,91.1,66.6,73.3,30.4
"224","Michael Harris II",671739,2024,3.585106383,0.1390593047,470,4.9,1685,0.461,23.5,90.5,60.4,74.9,19.5
"225","Brett Harris",695391,2024,4.008130081,0.2615384615,123,13.8,493,0.278,28.9,87.4,80.9,76.2,24.1
"226","Ke'Bryan Hayes",663647,2024,3.712121212,0.1975308642,396,5.8,1470,0.327,31.3,88.9,72,81.9,17
"227","Austin Hays",669720,2024,3.31372549,0.1363636364,255,3.5,845,0.363,24.2,88.9,64.1,70.9,25.7
"228","Austin Hedges",595978,2024,3.746575342,0.1726190476,146,4.1,547,0.179,22.2,84.8,71,67.1,34.5
"229","Jonah Heim",641680,2024,3.627291242,0.1719367589,491,5.3,1781,0.356,27.7,88.5,67.9,79.3,27.5
"230","Tyler Heineman",623168,2024,3.8125,0.2352941176,16,18.8,61,0.093,12.5,82.8,75,77.4,66.7
"231","Michael Helman",680737,2024,2.8,0,10,0,28,0.15,28.6,86.1,55.6,66.7,28.6
"232","Gunnar Henderson",683002,2024,4.027816412,0.2543507363,719,10.8,2896,0.492,25.2,92.8,76.8,75.6,23.6
"233","David Hensley",682073,2024,4.310344828,0.2698412698,58,10.3,250,0.216,25.3,84,79.7,67.9,17.1
"234","Darell Hernaiz",687231,2024,3.777777778,0.1928571429,135,8.1,510,0.283,29,87.1,74.1,75.1,18.8
"235","Enrique Hernández",571771,2024,3.86259542,0.1773504274,393,6.9,1518,0.362,26.5,89.6,73.6,77.1,29.4
"236","Teoscar Hernández",606192,2024,4,0.1891534392,652,8.1,2608,0.486,19.9,90.6,71.3,66,26.6
"237","Iván Herrera",671056,2024,4,0.241509434,259,9.7,1036,0.453,24.5,89.3,73.4,75.2,21.3
"238","Jose Herrera",645444,2024,4.394736842,0.2833333333,114,7.9,501,0.268,25.3,84.5,80.1,75.8,17.9
"239","Jason Heyward",518792,2024,3.968992248,0.2339622642,258,8.5,1024,0.346,21.4,88,67.8,76,20.2
"240","Aaron Hicks",543305,2024,4.507936508,0.296875,63,9.5,284,0.272,19,87.5,73.4,67.2,14.7
"241","Kyle Higashioka",543309,2024,4.038022814,0.1694352159,263,5.7,1062,0.43,24.4,88.4,71.9,74.4,35.1
"242","Derek Hill",656537,2024,3.540697674,0.1590909091,172,2.9,609,0.396,23.1,88.3,64.5,64.8,25.7
"243","Sam Hilliard",656541,2024,4.101265823,0.2195121951,158,8.9,648,0.403,19.1,94.6,72.2,59.2,29.5
"244","Rece Hinds",677956,2024,3.588235294,0.1568627451,51,7.8,183,0.606,18.5,91.6,58.4,61.8,43.3
"245","Keston Hiura",669374,2024,3.444444444,0.06896551724,27,0,93,0.244,10.9,82.2,58.7,60.8,0
"246","Nico Hoerner",663538,2024,3.609984399,0.1516079632,641,6.9,2314,0.353,31.7,85.7,68.2,88.1,19.5
"247","Jackson Holliday",702616,2024,3.971153846,0.2322274882,208,7.2,826,0.326,24.2,89.3,72.8,65.9,27
"248","Spencer Horwitz",687462,2024,4.152230971,0.25,381,11,1582,0.419,27.3,88.2,74.3,80.6,25.6
"249","Rhys Hoskins",656555,2024,4.338491296,0.2424242424,517,10.3,2243,0.387,23,88.7,74.6,73.7,36.6
"250","Jacob Hurtubise",674441,2024,4.132352941,0.2328767123,68,8.8,281,0.25,23.3,82.8,76.2,79.7,24.4
"251","Andy Ibáñez",628451,2024,3.758196721,0.1384615385,244,6.1,917,0.324,24.3,88.1,67.6,69.2,26.4
"252","Jose Iglesias",578428,2024,3.694158076,0.1184971098,291,4.1,1075,0.369,28.5,85.8,60.5,84.8,19.4
"253","Jonathan India",663697,2024,4.163265306,0.2809667674,637,12.6,2652,0.412,25.3,87.2,81.6,80.8,22.8
"254","Kyle Isbel",664728,2024,3.713615023,0.1637554585,426,6.3,1582,0.333,27.5,88.1,69.1,80.7,19.9
"255","Alex Jackson",656577,2024,4.038709677,0.1802325581,155,7.7,626,0.262,15.4,86.7,63.6,60.3,34.1
"256","Travis Jankowski",608671,2024,3.956521739,0.1895734597,207,5.8,819,0.252,26.8,85.4,79.3,79.3,16.4
"257","Danny Jansen",643376,2024,4.24691358,0.2882882883,324,12.3,1376,0.332,28.7,86.6,79.7,79.1,34.1
"258","Ryan Jeffers",680777,2024,3.886021505,0.1899791232,465,6.9,1807,0.386,21.6,86.9,65.7,76.4,28.9
"259","Eloy Jiménez",650391,2024,3.441260745,0.1671309192,349,6.3,1201,0.382,29.9,92,67,73.8,15.7
"260","Leo Jimenez",677870,2024,4.033333333,0.1728971963,210,5.7,847,0.361,22.3,87.6,72.1,73,23.6
"261","Connor Joe",656582,2024,3.96875,0.2296983759,416,10.6,1651,0.308,21.4,85.3,78.1,74.3,24.7
"262","Bryce Johnson",669369,2024,3.602739726,0.1948051948,73,9.6,263,0.307,25.2,86.1,72.6,81.7,14.8
"263","Jahmai Jones",663330,2024,3.234042553,0.170212766,47,4.3,152,0.322,25,85.2,76.4,69.1,33.3
"264","Nolan Jones",666134,2024,4.38047138,0.2861736334,297,12.1,1301,0.322,23.9,88.2,77,74.4,20.7
"265","Levi Jordan",682119,2024,3.636363636,0,11,0,40,0.183,44.4,91.6,52.9,52.4,37.5
"266","Aaron Judge",592450,2024,4.098011364,0.3506988564,704,18.9,2885,0.723,24.2,96.2,81.3,69.3,38.7
"267","Edouard Julien",666397,2024,4.102990033,0.2903225806,301,11,1235,0.351,20,87.8,82.2,69.1,31.7
"268","Corey Julks",667452,2024,4.058201058,0.2216494845,189,7.9,767,0.306,20.4,84.9,69.5,74.1,28.2
"269","Jace Jung",690291,2024,4.106382979,0.1597938144,94,16,386,0.287,17.8,86.4,73.7,68.9,20
"270","Josh Jung",673962,2024,3.686170213,0.2626262626,188,4.3,693,0.397,25,86.2,64.5,68.1,29
"271","Niko Kavadas",694359,2024,4.386792453,0.2363636364,106,10.4,465,0.371,23.1,91.7,82.3,65.9,50
"272","DaShawn Keirsey Jr.",680577,2024,3.571428571,0.06666666667,14,0,50,0.429,21.7,84.7,85.7,73.1,33.3
"273","Colt Keith",690993,2024,3.636690647,0.1856187291,556,6.5,2022,0.393,27.7,87.8,70.1,76.8,25
"274","Jarred Kelenic",672284,2024,3.915367483,0.2147505423,449,7.1,1758,0.412,23.5,89.8,70.2,66.6,30
"275","Carson Kelly",608348,2024,3.747603834,0.1838006231,313,8,1173,0.401,29.3,87.6,75.6,77.2,28.6
"276","Tony Kemp",643393,2024,3.7,0.1,10,10,37,0.175,37.5,82.8,73.3,86.4,12.5
"277","Buddy Kennedy",671083,2024,5.076923077,0.3461538462,26,15.4,132,0.462,22.2,88.8,79.1,80.8,26.7
"278","Max Kepler",596146,2024,3.754385965,0.1995073892,399,5.5,1498,0.381,25.6,88.9,69.5,75.6,31.3
"279","Grae Kessinger",666197,2024,4.6,0.2962962963,25,12,115,0.207,17.8,85.1,78,63.5,28.6
"280","Kevin Kiermaier",595281,2024,3.629893238,0.175862069,281,4.3,1020,0.278,22.4,86.4,66.9,62.5,18.8
"281","Ha-Seong Kim",673490,2024,4.217021277,0.275,470,12.3,1982,0.352,30.6,87.9,81.4,83.9,24.3
"282","Isiah Kiner-Falefa",643396,2024,3.447580645,0.1335952849,496,3.2,1710,0.346,35.1,86.1,69.9,85.2,21.2
"283","Alex Kirilloff",666135,2024,3.803370787,0.2021857923,178,8.4,677,0.419,25,91.3,70.2,69.1,32.2
"284","Alejandro Kirk",672386,2024,3.873056995,0.2081218274,386,9.1,1495,0.392,31.6,89.4,71.7,84.3,19.1
"285","Heston Kjerstad",677008,2024,3.710526316,0.1709401709,114,8.8,423,0.349,20.5,90.2,65,68.9,28.8
"286","Andrew Knizner",668800,2024,3.870967742,0.1263157895,93,1.1,360,0.324,23.8,87.3,58.2,72.7,17.4
"287","Ryan Kreidler",668952,2024,4.046153846,0.2794117647,65,9.2,263,0.252,19,82,76.3,68,27.5
"288","Steven Kwan",680757,2024,4.009259259,0.2435064935,540,9.8,2165,0.385,38.6,86.3,80.8,91.8,28.3
"289","Shea Langeliers",669127,2024,3.732209738,0.1971066908,534,7.7,1993,0.456,23.7,91.3,69.3,70.8,30
"290","Wyatt Langford",694671,2024,4.0502693,0.2706502636,557,9.2,2256,0.427,24.4,89.6,77,77.1,28.9
"291","Trevor Larnach",663616,2024,3.94,0.2621359223,400,10,1576,0.458,28.6,92,74.4,72.1,26.9
"292","Ramón Laureano",657656,2024,3.818770227,0.1969230769,309,4.9,1180,0.43,20.6,89.2,69.6,68.2,30.4
"293","Charles Leblanc",641779,2024,4.214285714,0.3,28,25,118,0.454,15,85.3,81.7,71.1,41.7
"294","Brooks Lee",686797,2024,3.318918919,0.1390374332,185,5.9,614,0.34,29.7,85.8,64.2,79.8,25.2
"295","Jung Hoo Lee",808982,2024,3.601265823,0.1595092025,158,6.3,569,0.404,37.1,89.1,73.3,90.4,22.4
"296","Korey Lee",686676,2024,3.626903553,0.1485148515,394,4.3,1429,0.338,19.4,88.3,64.7,62.9,23.5
"297","DJ LeMahieu",518934,2024,3.706140351,0.1687763713,228,8.3,845,0.365,32.6,88.5,70.9,82.5,18.5
"298","Pedro León",694175,2024,4.285714286,0.2380952381,21,4.8,90,0.231,15.8,93,67.9,57.1,10
"299","Royce Lewis",668904,2024,3.793846154,0.2006079027,325,8.6,1233,0.435,19.7,87.1,66.7,73,30.5
"300","Francisco Lindor",596019,2024,3.937590711,0.2220779221,689,8.1,2713,0.528,28.7,90.9,73.7,76.3,31.4
"301","Trey Lipscomb III",702358,2024,3.696682464,0.1674208145,211,7.6,780,0.283,25.7,86.5,67.2,74.7,11.2
"302","Tyler Locklear",682988,2024,4,0.1730769231,49,6.1,196,0.271,16.9,87.2,66,63,24
"303","Brandon Lockridge",663604,2024,3.833333333,0.1666666667,12,0,46,0.287,23.8,90.9,59.1,75,37.5
"304","Nick Loftin",679845,2024,3.660818713,0.2485549133,171,11.1,626,0.305,29.7,83.6,79.1,84.7,23.6
"305","Joey Loperfido",694388,2024,3.828244275,0.08108108108,262,5,1003,0.311,17.4,88.3,67.6,64.6,27.3
"306","Jack López",605346,2024,3.85915493,0.2074074074,71,2.8,274,0.236,18.4,87.3,57.3,66.2,11.6
"307","Nicky Lopez",670032,2024,3.658426966,0.1881838074,445,8.3,1628,0.288,32.3,85,72.1,80.6,19.3
"308","Otto Lopez",672640,2024,3.559907834,0.1483146067,434,5.8,1545,0.394,30,88,68,78.1,20.2
"309","Brandon Lowe",664040,2024,3.821176471,0.2059496568,425,7.8,1624,0.482,21.8,89.8,69.3,67.3,31.6
"310","Josh Lowe",666139,2024,4.320413437,0.2121212121,387,8.3,1672,0.388,19.2,90.8,66.7,68.1,29.3
"311","Nathaniel Lowe",663993,2024,4.169911504,0.2918088737,565,12.6,2356,0.38,23,88.9,76.5,79.4,22.5
"312","Marco Luciano",682617,2024,4.012345679,0.2317073171,81,6.2,325,0.356,21.2,87.9,85.3,69.9,29.2
"313","Nathan Lukes",664770,2024,3.912087912,0.2340425532,91,11,356,0.389,29.6,88.9,70.2,85.2,23.6
"314","Gavin Lux",666158,2024,3.981519507,0.2236363636,487,9,1939,0.386,25.6,88.3,76.9,76.7,19.3
"315","Manny Machado",592518,2024,3.712286159,0.1924198251,643,7,2387,0.461,25.1,92.5,70.3,75.6,22
"316","Nick Madrigal",663611,2024,3.808510638,0.1212121212,94,4.3,358,0.291,30.2,85.1,66.5,88.8,13
"317","Bligh Madris",676632,2024,3.666666667,0.2763157895,75,8,275,0.363,24.6,87.1,80.6,71.1,31.3
"318","Luke Maile",571912,2024,4.136363636,0.2590361446,154,8.4,637,0.252,20.3,84.7,74,71.2,23.5
"319","Martín Maldonado",455117,2024,3.782312925,0.1854304636,147,5.4,556,0.288,20.9,88,68.4,63.9,35.6
"320","Justyn-Henry Malloy",669234,2024,4.313043478,0.2570281124,230,10,992,0.327,18.2,87.6,80.3,63.4,40.3
"321","Kyle Manzardo",700932,2024,4.076923077,0.2119565217,156,5.8,636,0.377,25.7,89.1,72.3,72.4,40
"322","Rafael Marchán",665561,2024,3.482142857,0.1355932203,56,5.4,195,0.52,36.4,86.2,74.4,84.4,29.5
"323","Manuel Margot",622534,2024,3.813411079,0.1756373938,343,6.1,1308,0.379,25.1,88.2,69.7,79.4,23.8
"324","Brandon Marsh",669016,2024,4.216386555,0.283203125,476,10.5,2007,0.406,24.9,91.6,76.3,72.5,28.5
"325","Ketel Marte",606466,2024,3.680960549,0.2459016393,583,11.1,2146,0.538,30.5,94,74,78.7,24.8
"326","Noelvi Marte",682622,2024,3.644628099,0.1976744186,242,3.7,882,0.346,18.5,87,62.9,67.9,21.3
"327","Starling Marte",516782,2024,3.82972973,0.1643835616,370,7.3,1417,0.425,24.3,89.8,69.9,71.6,15.8
"328","Austin Martin",668885,2024,3.634241245,0.2107279693,257,7.8,934,0.341,36.4,87.2,81.6,78.6,23.4
"329","Angel Martínez",682657,2024,4.00591716,0.1918604651,169,8.9,677,0.304,25.7,86.5,64.1,80.2,24.8
"330","J.D. Martinez",502110,2024,4.145454545,0.2471910112,495,9.9,2052,0.472,20,91,70.3,68.5,31.9
"331","J.P. Martínez",679881,2024,4.2,0.1,10,0,42,0.117,14.3,83.7,62.5,65.4,0
"332","Nick Martini",605361,2024,3.834355828,0.1370967742,163,5.5,625,0.34,25.1,87.4,70.3,75.2,30.6
"333","Michael Massey",686681,2024,3.735955056,0.1288659794,356,4.2,1330,0.414,30.3,89.2,62.6,82.1,33
"334","Miles Mastrobuoni",670156,2024,3.594339623,0.1909090909,106,6.6,381,0.358,36.4,87.4,74,79.7,31.7
"335","Jorge Mateo",622761,2024,3.942307692,0.1636363636,208,4.8,820,0.339,22.3,88.1,66.6,76.9,23.5
"336","Luis Matos",682641,2024,3.487179487,0.1296296296,156,3.2,544,0.355,25.5,86.9,59.9,84.4,29.1
"337","Coby Mayo",691723,2024,4.086956522,0.1875,46,8.7,188,0.204,12.7,84.7,69.3,54.4,15.8
"338","James McCann",543510,2024,3.755364807,0.1563786008,233,5.6,875,0.418,22.9,87.4,66.6,72.4,29
"339","Kyle McCann",668832,2024,4.050955414,0.296969697,157,10.2,636,0.351,20,89.6,74.6,54.8,32.1
"340","Jake McCarthy",664983,2024,3.608080808,0.1656804734,495,6.3,1786,0.359,26.5,84.5,68.9,82.4,21
"341","Chas McCormick",676801,2024,3.782771536,0.2093862816,267,6.4,1010,0.355,20.2,86.2,66.4,68.7,30.5
"342","Mason McCoy",669200,2024,4.070175439,0.1525423729,57,8.8,232,0.241,21.5,82.9,66.4,70.5,15.2
"343","Grant McCray",687529,2024,3.992307692,0.1567164179,130,4.6,519,0.346,14,90.2,68.7,56.4,26.5
"344","Andrew McCutchen",457705,2024,4.2,0.2867783985,515,11.3,2163,0.421,23.2,88.5,82.8,71.1,29.3
"345","Reese McGuire",624512,2024,3.85443038,0.2035928144,158,8.2,609,0.341,21.7,84,70.5,75.5,25
"346","Ryan McKenna",663630,2024,3.466666667,0.1875,15,6.7,52,0.367,25,84.5,80,81.5,44.4
"347","Billy McKinney",641856,2024,4.071428571,0.2666666667,28,7.1,114,0.226,16.7,86,70.4,51.9,8.3
"348","Zach McKinstry",656716,2024,3.843076923,0.2140762463,325,7.4,1249,0.364,30.4,88,72.1,77.9,31.3
"349","Ryan McMahon",641857,2024,4.221705426,0.2514705882,645,10.7,2723,0.414,22.4,92.1,73.5,70,24.6
"350","Jeff McNeil",643446,2024,3.625,0.168,472,7.4,1711,0.336,27.7,87,69.3,82.5,26.7
"351","Curtis Mead",678554,2024,3.568181818,0.1654676259,132,4.5,471,0.349,22.9,88.8,63.3,76.5,19.4
"352","Parker Meadows",678009,2024,4.073825503,0.2521994135,298,8.4,1214,0.378,23.5,87,74.2,73,31.1
"353","MJ Melendez Jr.",669004,2024,4.090909091,0.2285115304,451,7.8,1845,0.425,21.2,91.1,71.6,70.5,28.8
"354","Danny Mendick",664901,2024,3.829787234,0.1836734694,141,4.3,540,0.328,25,83.8,72,71.3,29.6
"355","Joey Meneses",608841,2024,3.6485623,0.1752265861,313,6.7,1142,0.326,27.4,88.9,67.2,77.1,23.7
"356","Whit Merrifield",593160,2024,3.970149254,0.2427745665,335,10.4,1330,0.317,26.1,84.1,74.2,81.3,24.5
"357","Jackson Merrill",701538,2024,3.733558179,0.1508553655,593,4.9,2214,0.531,24.9,90.4,65.6,79.5,33.1
"358","Matt Mervis",670223,2024,3.5,0.03448275862,28,3.6,98,0.191,18.8,87.1,72.7,64.8,33.3
"359","Jake Meyers",676694,2024,3.541910331,0.1685606061,513,6.8,1817,0.382,23.8,88.2,68.8,73,27.4
"360","Drew Millas",686452,2024,4.064516129,0.2575757576,62,8.1,252,0.307,28.7,88,73.6,77.4,24.4
"361","Owen Miller",680911,2024,3.814814815,0.1,27,0,103,0.238,26.5,89.6,72.7,67.9,26.3
"362","Jose Miranda",669304,2024,3.58974359,0.1666666667,429,4.2,1540,0.399,29,88.9,64.4,77.5,26.3
"363","Kameron Misner",670224,2024,4.333333333,0,15,0,65,0.112,3.1,78,60,57.1,40
"364","Garrett Mitchell",669003,2024,3.977678571,0.262295082,224,11.2,891,0.374,17.3,88.8,82.4,65.2,16.5
"365","Andruw Monasterio",655316,2024,4.556338028,0.2564102564,142,11.3,647,0.342,23,88.1,79.5,76,31.8
"366","Yoán Moncada",660162,2024,4.266666667,0.3260869565,45,11.1,192,0.346,28.2,90.2,75.8,76.1,10.3
"367","Mickey Moniak",666160,2024,3.669856459,0.1376146789,418,5,1534,0.379,20.2,88.1,60.3,69.4,29
"368","Elehuris Montero",660707,2024,3.736842105,0.1595330739,247,8.1,923,0.324,20.2,89.5,60.7,69.7,29.2
"369","Dylan Moore",664238,2024,4.090702948,0.2665198238,441,12,1804,0.324,20.8,88.4,82.3,75.2,33.5
"370","Christopher Morel",666624,2024,3.849427169,0.2424722662,611,10,2352,0.399,20.1,89.2,73.8,65.9,25.2
"371","Gabriel Moreno",672515,2024,4.364672365,0.2670299728,351,11.7,1532,0.384,29.2,90,78.4,81.5,21.1
"372","Ryan Mountcastle",663624,2024,3.749506903,0.1571969697,507,5.3,1901,0.445,21.2,90.8,62,74.9,23.6
"373","Cedric Mullins II",656775,2024,3.883767535,0.2127659574,499,8.2,1938,0.355,23.7,87.1,71.9,80.9,28
"374","Max Muncy",571970,2024,4.122866894,0.3252688172,293,15.4,1208,0.448,23.5,90.2,79.7,69,43.4
"375","Sean Murphy",669221,2024,4.03030303,0.200729927,264,10.2,1064,0.399,22.7,88,72.1,71.6,25.7
"376","Tom Murphy",608596,2024,4,0.2051282051,38,10.5,152,0.317,19.6,87.4,75,63.1,15
"377","Dane Myers",667472,2024,3.935185185,0.2,108,7.4,425,0.4,25.9,89.9,73.8,70.6,27.9
"378","Carlos Narváez",665966,2024,4.533333333,0.2666666667,15,13.3,68,0.309,14.8,99.7,81.2,62.5,14.3
"379","Omar Narváez",553882,2024,3.898550725,0.1971830986,69,4.3,269,0.236,29.5,86.1,71.9,83.5,31.5
"380","Bo Naylor",666310,2024,4.174807198,0.2242990654,389,7.5,1624,0.326,23.1,88.8,72.8,71.7,30.1
"381","Josh Naylor",647304,2024,3.60821485,0.2245179063,633,9.2,2284,0.443,27.3,89.9,67.8,77.6,25.1
"382","Zach Neto",687263,2024,3.802325581,0.1800643087,602,6.5,2289,0.414,25.4,88.5,68.7,72.9,29.2
"383","Tyler Nevin",663527,2024,3.920863309,0.2491349481,278,9,1090,0.365,28.4,89.8,74.1,74.4,30.4
"384","Kevin Newman",621028,2024,3.440514469,0.1625,311,4.8,1070,0.323,33,85.6,71.7,82.7,19.8
"385","Tomás Nido",621512,2024,3.614285714,0.07534246575,140,3.6,506,0.41,26,89.8,58.3,64.1,30
"386","Brandon Nimmo",607043,2024,4.143288084,0.2556291391,663,11.6,2747,0.408,24.3,91.9,75.9,76.6,27.2
"387","Ryan Noda",676116,2024,4.495495495,0.3245614035,111,12.6,499,0.263,17.1,86.2,80,66.2,25.4
"388","Jhonkensy Noel",678877,2024,3.661616162,0.1361702128,198,6.6,725,0.435,14.1,88.6,55,65.8,29.1
"389","Lars Nootbaar",663457,2024,4.096296296,0.2687651332,405,12.8,1659,0.455,31,91.8,83.1,81,19
"390","Connor Norby",681393,2024,3.912371134,0.1921182266,194,7.7,759,0.439,17.1,86.2,65.2,66.8,39.1
"391","Nasim Nuñez",683083,2024,4.192307692,0.2926829268,78,15.4,327,0.223,21,83.3,79,80.5,5.9
"392","Ryan O'Hearn",656811,2024,3.886639676,0.2396039604,494,9.3,1920,0.461,28.3,89.6,73.8,81.9,27.1
"393","Logan O'Hoppe",681351,2024,3.798850575,0.1740740741,522,6.3,1983,0.454,22.7,90.4,66,66.4,29.4
"394","Tyler O'Neill",641933,2024,4.194503171,0.2520808561,473,11.2,1984,0.48,18.6,90.9,73.8,65.9,33.1
"395","Shohei Ohtani",660271,2024,3.882352941,0.1921182266,731,11.1,2838,0.66,27.5,95.8,73.4,70.2,31.3
"396","Edward Olivares",658668,2024,3.918367347,0.2857142857,196,8.2,768,0.397,22,86.8,67.1,75.8,21.3
"397","Matt Olson",621566,2024,4.302189781,0.2566191446,685,10.4,2947,0.448,19.5,91.5,71.3,73.7,30.3
"398","Jonathan Ornelas",680716,2024,4.075,0.1904761905,40,5,163,0.277,28.1,94.3,72,70.7,4
"399","Rafael Ortega",542364,2024,4,0.2941176471,17,11.8,68,0.254,27.3,85.1,78.8,70.4,36.4
"400","Joey Ortiz",687401,2024,4.156555773,0.2138939671,511,11,2124,0.343,23,87.8,75.3,82.9,20.5
"401","James Outman",681546,2024,4.064102564,0.2134146341,156,10.3,634,0.319,15.8,87.6,71.8,62.9,28.4
"402","Marcell Ozuna",542303,2024,4.17877907,0.2660167131,688,10.8,2875,0.572,23.3,92.1,73.5,68.6,31.6
"403","Cristian Pache",665506,2024,4.114754098,0.2512820513,183,9.3,753,0.283,19.3,89.9,74.5,66.8,26.5
"404","Andy Pages",681624,2024,3.880361174,0.1966173362,443,6.5,1719,0.422,21.1,88.6,69.3,73.9,30.4
"405","Pedro Pagés",686780,2024,3.894495413,0.1756756757,218,6,849,0.347,21,89,65,73.9,24.5
"406","Joshua Palacios",641943,2024,3.935897436,0.2592592593,78,12.8,307,0.388,27,89.8,77.6,74.1,16.4
"407","Richie Palacios",680700,2024,4.053797468,0.2732732733,316,14.2,1281,0.342,22.9,86.2,76.5,75.3,19.7
"408","Isaac Paredes",670623,2024,4.450858034,0.255952381,641,11.9,2853,0.337,24.2,85,73.5,82.8,29.3
"409","Kyren Paris",677347,2024,3.966101695,0.2786885246,59,11.9,234,0.31,20.7,87.8,79.5,70.2,20.6
"410","Vinnie Pasquantino",686469,2024,3.850180505,0.1867088608,554,7.2,2133,0.438,32.1,91,69.3,85.5,27.8
"411","Graham Pauley",688363,2024,4.375,0.1875,32,0,140,0.322,13,85.8,75.9,72.2,41.2
"412","Joc Pederson",592626,2024,4.031180401,0.2393162393,449,12.2,1810,0.48,22.2,92.3,70.5,75,28.6
"413","Liover Peguero",678894,2024,4.6,0.3,10,0,46,0.346,14.3,84.4,58.3,60,14.3
"414","Jeremy Peña",665161,2024,3.495384615,0.1334332834,650,3.8,2272,0.394,25.5,88.2,63.1,75.1,23
"415","David Peralta",444482,2024,3.9,0.2034482759,260,8.5,1014,0.376,24.4,88.1,67.4,71.9,18.1
"416","Oswald Peraza",672724,2024,3.636363636,0.09090909091,11,9.1,40,0.488,23.1,87,66.7,70,14.3
"417","Geraldo Perdomo",672695,2024,4.072164948,0.2419753086,388,9.3,1580,0.314,33.6,87,80.7,87.8,25.1
"418","Jhonny Pereda",640902,2024,3.95,0.1707317073,40,0,158,0.309,21.2,85.5,68.9,72.6,13.8
"419","Salvador Perez",521692,2024,3.529141104,0.1485148515,652,6.7,2301,0.522,24.9,91.1,57.1,72.2,33.8
"420","Wenceel Pérez",672761,2024,4.127058824,0.2236842105,425,7.5,1754,0.354,25.5,88.4,71.6,79.1,26
"421","Blake Perkins",663368,2024,3.995391705,0.2188183807,434,9.7,1734,0.311,30.7,88.8,75.5,72.9,26.3
"422","Jace Peterson",607054,2024,3.923076923,0.1923076923,26,11.5,102,0.235,26.3,82.6,75,68.7,0
"423","Tommy Pham",502054,2024,4.023012552,0.2456140351,478,7.3,1923,0.407,29.3,90.4,81.3,77.5,22.4
"424","Kevin Pillar",607680,2024,3.840764331,0.16,314,5.1,1206,0.329,22.2,84.6,62.1,75.5,31.5
"425","René Pinto",650907,2024,3.775510204,0.2745098039,49,8.2,185,0.467,25.5,93.7,71.4,57.6,50
"426","Jorge Polanco",593871,2024,4.158119658,0.2634854772,468,9.8,1946,0.399,23.4,88.3,76,71.9,31.7
"427","Jurickson Profar",595777,2024,4.100299401,0.2754820937,668,11.4,2739,0.444,27.1,91.1,78.1,83,25.6
"428","Ceddanne Rafaela",678882,2024,3.625218914,0.1021775544,571,2.6,2070,0.368,20.9,86.6,53.6,67,26.4
"429","Cal Raleigh",663728,2024,4.003184713,0.2553191489,628,11.1,2514,0.476,20.2,91,67.3,69,36.7
"430","Luke Raley",670042,2024,3.764835165,0.1974248927,455,5.9,1713,0.418,18.4,90.1,72.1,65.5,24.5
"431","Harold Ramírez",623912,2024,3.569105691,0.09727626459,246,2,878,0.311,25.5,87,54.7,68.6,13.2
"432","José Ramírez",608070,2024,4.01026393,0.2350649351,682,7.9,2735,0.453,28.5,89.2,68.3,84.8,31.1
"433","Bryan Ramos",682868,2024,3.87037037,0.1926605505,108,6.5,418,0.357,30.2,90.1,74.5,71,24.4
"434","Heliot Ramos",671218,2024,3.882239382,0.2265917603,518,7.1,2011,0.481,22.3,91.5,70.1,71.3,27
"435","J.T. Realmuto",592663,2024,3.832929782,0.1973392461,413,6.5,1583,0.459,22.5,89.2,69.8,73.8,21.5
"436","Jakson Reetz",656883,2024,3.266666667,0.06666666667,15,6.7,49,0.4,26.1,85.5,57.7,57.1,55.6
"437","Rob Refsnyder",608701,2024,3.915309446,0.2191358025,307,9.1,1202,0.412,23.5,89.6,75.3,71.9,22.6
"438","Zach Remillard",621545,2024,3.871794872,0.2051282051,39,12.8,151,0.324,31.8,86.9,75.7,80.7,33.3
"439","Anthony Rendon",543685,2024,4.105042017,0.2430278884,238,9.7,977,0.313,34,87.9,82.6,87.5,26.3
"440","Hunter Renfroe",592669,2024,3.896226415,0.2307692308,424,8.5,1652,0.362,23.5,88.5,73.7,76.6,27.2
"441","Luis Rengifo",650859,2024,3.565789474,0.1746031746,304,5.3,1084,0.352,26.9,87,64.4,77.7,17.1
"442","Pablo Reyes",622569,2024,3.9375,0.1492537313,64,4.7,252,0.3,29.2,88,76.3,80.2,31.7
"443","Bryan Reynolds",668804,2024,3.76300578,0.2253521127,692,8.2,2604,0.463,26.7,89.9,69.8,70.6,26.7
"444","Ben Rice",700250,2024,4.06741573,0.2486486486,178,11.2,724,0.462,23.4,90,79.4,74.2,33
"445","Austin Riley",663586,2024,3.884861407,0.1995884774,469,7.9,1822,0.505,24.4,93.3,72,72.5,31.1
"446","Edwin Rios",621458,2024,4,0.09090909091,10,10,40,0.226,5.9,85,61.9,52.6,20
"447","Leo Rivas",660844,2024,4.313953488,0.3595505618,86,11.6,371,0.312,29.3,87.2,85.1,74.5,13.7
"448","Emmanuel Rivera",656896,2024,3.811258278,0.2088607595,302,8.6,1151,0.383,27.2,89.7,71.1,71.7,22.8
"449","Anthony Rizzo",519203,2024,3.818666667,0.1837209302,375,7.2,1432,0.34,25.8,86.7,66.4,80.7,21.5
"450","Luis Robert Jr.",673357,2024,3.785882353,0.1903669725,425,6.6,1609,0.367,19,90.1,64.1,63.9,26.9
"451","Chuckie Robinson",642020,2024,3.921052632,0.2025316456,76,6.6,298,0.213,15,81.4,62.4,70.1,20
"452","Victor Robles",645302,2024,3.457627119,0.1575562701,295,7.1,1020,0.389,26.8,86.7,66.8,75.3,23.3
"453","Brayan Rocchio",677587,2024,3.7760181,0.2145669291,442,10,1669,0.302,23.4,84.6,70.1,75.7,25
"454","Brendan Rodgers",663898,2024,3.857142857,0.1989247312,539,5.8,2079,0.377,24.1,89.3,70.9,74.1,16.9
"455","Johnathan Rodríguez",671286,2024,4.375,0.1778471139,40,22.5,175,0.157,16.9,91.3,71.9,59.5,11.8
"456","Julio Rodríguez",677594,2024,3.890701468,0.2444444444,613,6.2,2385,0.463,20.8,91.7,62.7,69.1,26.2
"457","Jake Rogers",668670,2024,3.732937685,0.1932114883,337,6.5,1258,0.413,26.8,89,74.1,67.3,32.9
"458","Johan Rojas",679032,2024,3.661157025,0.2551020408,363,3.6,1329,0.292,25.3,85.7,64.5,77.3,17
"459","Josh Rojas",668942,2024,3.993697479,0.1262886598,476,9.7,1901,0.35,29.1,88.2,78,75.6,29
"460","Miguel Rojas",500743,2024,3.59347181,0.18767507,337,6.8,1211,0.36,32.2,85,72.7,86.1,17.3
"461","Drew Romo",691011,2024,3.566037736,0.09090909091,53,3.8,189,0.202,16.3,82.2,62,70.5,30.3
"462","Brent Rooker Jr.",667670,2024,3.872964169,0.2297939778,614,9.6,2378,0.557,22.4,91.9,69,65.9,34.3
"463","Ben Rortvedt",666163,2024,4.137195122,0.2166666667,328,10.4,1357,0.287,23.5,86.2,72.2,73.3,20.8
"464","Amed Rosario",642708,2024,3.497109827,0.1385041551,346,2.6,1210,0.359,23.9,86.9,61.2,75.4,18.8
"465","Eddie Rosario",592696,2024,3.721003135,0.1479289941,319,5,1187,0.34,29.2,91,65,72.5,32.3
"466","Eguy Rosario",666703,2024,3.964912281,0.1833333333,57,3.5,226,0.392,23.3,89.2,65.3,58.1,29.4
"467","Esteury Ruiz",665923,2024,3.784615385,0.1230769231,65,6.2,246,0.341,18.5,87.7,66.9,69.9,33.3
"468","Keibert Ruiz",660688,2024,3.420618557,0.1431411531,485,3.3,1659,0.35,33.9,85.4,61.8,87.9,29.8
"469","Adley Rutschman",668939,2024,4.064263323,0.2098950525,638,9.1,2593,0.393,30,88.2,71.1,82.9,32
"470","Blake Sabol",666165,2024,3.263157895,0.2051282051,38,13.2,124,0.389,27.6,90.3,71,66.2,21.7
"471","Thomas Saggese",695336,2024,3.634615385,0.09433962264,52,3.8,189,0.312,22.1,85.7,58.8,77.5,31.4
"472","César Salazar",663967,2024,3.46875,0.2121212121,32,6.3,111,0.376,28,85.6,69.1,77.2,22.7
"473","Ali Sánchez",645305,2024,3.520833333,0.15,96,4.2,338,0.256,23,86.8,65.5,77.4,20.9
"474","Gary Sánchez",596142,2024,4.135714286,0.25,280,9.6,1158,0.399,25.4,90,73.1,69.6,31.4
"475","Jesús Sánchez",660821,2024,3.707635009,0.1732851986,537,7.6,1991,0.468,22.2,92.5,63.9,68.8,21.6
"476","Miguel Sanó",593934,2024,4.231578947,0.24,95,9.5,402,0.378,19,93.8,74.5,61.6,16.7
"477","Javier Sanoja",691594,2024,3.277777778,0.07692307692,36,2.8,118,0.272,35.6,86.2,65.3,83.8,16.1
"478","Carlos Santana",467793,2024,4.079124579,0.2680921053,594,10.9,2423,0.415,28.3,89.2,76.6,76.7,28.8
"479","Anthony Santander",623993,2024,4.117293233,0.2351233672,665,8.7,2738,0.445,22.3,89.8,66.2,80,33.8
"480","Nolan Schanuel",694384,2024,3.881383855,0.2519685039,607,11.2,2356,0.355,31.8,86.1,78.5,85.6,22.5
"481","Casey Schmitt",669477,2024,3.309734513,0.1228070175,113,3.5,374,0.441,28.1,89.2,63.2,75,31.3
"482","Daniel Schneemann",682177,2024,4.076923077,0.2869379015,221,11.3,901,0.307,21,88.5,75.5,68.3,25.4
"483","Davis Schneider",676914,2024,4.348017621,0.2573839662,454,10.4,1974,0.358,22,88.6,77.1,69.4,39.9
"484","Max Schuemann",680474,2024,3.997821351,0.1782178218,459,10.2,1835,0.338,28.4,89,78.6,71.5,31.1
"485","Aaron Schunk",668845,2024,3.785714286,0.2368972746,98,4.1,371,0.307,18.4,85.3,57.8,72.4,25.4
"486","Kyle Schwarber",656941,2024,4.121387283,0.3014608234,692,15.3,2852,0.512,23.3,93.6,79.1,68,28.6
"487","Victor Scott II",687363,2024,3.664516129,0.2088607595,155,3.9,568,0.309,26.1,88.4,70.7,73.9,23.8
"488","Corey Seager",608369,2024,3.512195122,0.2303473492,533,9.9,1872,0.561,26.1,92.1,72.2,76.6,31.2
"489","Marcus Semien",543760,2024,3.657381616,0.2179144385,718,8.9,2626,0.391,30.7,87.4,74.8,79.8,30
"490","Nick Senzel",669222,2024,3.764044944,0.197080292,267,10.5,1005,0.355,26.1,84,75.5,76.1,24.4
"491","Brian Serven",661531,2024,3.633802817,0.1388888889,71,7,258,0.265,22.5,84.7,68.8,76.4,19
"492","Gavin Sheets",657757,2024,4.165668663,0.2189922481,501,8.6,2087,0.38,22.6,87.8,67.6,77,23
"493","Austin Shenton",668853,2024,4.24,0.2641509434,50,16,212,0.294,25,83.9,79.6,64.3,28.6
"494","Braden Shewmake",669699,2024,3.194029851,0.1571428571,67,1.5,214,0.246,26.3,86.5,63,73.7,19.6
"495","Zack Short",670097,2024,4.443181818,0.3111111111,88,15.9,391,0.25,21.8,88.6,86.7,73.4,34.7
"496","Michael Siani",672279,2024,3.859281437,0.1527377522,334,6.3,1289,0.265,23.1,84.4,70.8,70.5,15.1
"497","Jon Singleton",572138,2024,4.014814815,0.2293144208,405,11.6,1626,0.382,25.2,88.7,77.4,69.9,30.8
"498","Jose Siri",642350,2024,3.991071429,0.1779661017,448,6.9,1788,0.409,16.8,87.5,64.8,58.1,29.8
"499","Austin Slater",596103,2024,4.160377358,0.2755555556,212,12.3,882,0.319,21.1,88.2,81.4,70.2,15.7
"500","Dominic Smith",642086,2024,3.944625407,0.2452830189,307,9.1,1211,0.383,29.4,89.3,73,74.7,32.2
"501","Josh Smith",669701,2024,3.930743243,0.2127659574,592,7.8,2327,0.352,27.8,87.8,74.1,78.2,29
"502","Pavin Smith",656976,2024,3.993670886,0.2777777778,158,11.4,631,0.529,32.5,90.2,82.1,78.5,28.4
"503","Will Smith",669257,2024,4.174632353,0.2469135802,544,9.4,2271,0.443,27.1,89.4,73.7,79.1,40.4
"504","Tyler Soderstrom",691016,2024,3.615023474,0.1880733945,213,9.4,770,0.48,24.9,91.9,70.8,69.9,28.5
"505","Nick Sogard",686765,2024,4.046511628,0.202247191,86,8.1,348,0.363,23.4,87.4,72.4,74.6,24.1
"506","Donovan Solano",456781,2024,4.1197411,0.2,309,7.1,1273,0.378,24.8,87.3,70.4,76.5,25.6
"507","Jorge Soler",624585,2024,4.113240418,0.2634228188,574,11.8,2361,0.447,21.7,90.5,73.2,71.1,30.1
"508","Edmundo Sosa",624641,2024,3.832116788,0.1369863014,274,4.7,1050,0.387,18.6,89.2,59.5,68.6,25.8
"509","Lenyn Sosa",672820,2024,3.731707317,0.140625,369,3.3,1377,0.419,26.9,89,62.7,80.2,22.7
"510","Juan Soto",665742,2024,4.151472651,0.3523573201,713,18.1,2960,0.646,31.9,94.2,81.7,78.5,27.8
"511","Livan Soto",670869,2024,4.125,0.25,16,18.8,66,0.345,15.4,85.1,77.4,86.7,50
"512","George Springer III",543807,2024,3.752442997,0.2111111111,614,9.8,2304,0.402,25.4,87.5,76.5,74.7,22.2
"513","Jacob Stallings",607732,2024,3.818505338,0.2040816327,281,9.6,1073,0.381,26.6,86.6,74.5,70.2,29.4
"514","Giancarlo Stanton",519317,2024,3.989106754,0.2302025783,459,8.3,1831,0.509,20.3,94.6,69,65.6,25.4
"515","Spencer Steer",668715,2024,3.995426829,0.2253922967,656,11,2621,0.379,25.6,88,75.2,76.9,29.4
"516","Michael Stefanic",683021,2024,3.887096774,0.2153846154,124,8.1,482,0.256,34.4,85.1,76.8,89.5,13.2
"517","Tyler Stephenson",663886,2024,3.780582524,0.2454545455,515,9.3,1947,0.403,30.5,90.2,76.3,77.3,27.2
"518","Cal Stevenson",670276,2024,3.777777778,0.1851851852,27,11.1,102,0.378,40.6,85.6,78,84.2,35
"519","DJ Stewart",621466,2024,3.943298969,0.3131313131,194,16,765,0.346,24.7,89.7,85.8,70,36
"520","Trevor Story",596115,2024,3.518867925,0.1711711712,106,10.4,373,0.29,16.1,86.1,65.1,69.7,26.2
"521","Bryson Stott",681082,2024,4.04028021,0.1983333333,571,9.3,2307,0.363,30.2,87,71.7,83,25.8
"522","Kyle Stowers",669065,2024,3.918660287,0.2018348624,209,6.2,819,0.368,18,91,67.4,63.9,22.7
"523","Garrett Stubbs",596117,2024,3.989304813,0.1989795918,187,9.1,746,0.238,18.2,79.7,67.2,75.1,26.1
"524","Eugenio Suárez",553993,2024,3.971875,0.2178517398,640,7.7,2542,0.447,22.2,89.1,73,70.9,33.3
"525","Brett Sullivan",664954,2024,2.882352941,0.05882352941,17,5.9,49,0.209,18.5,81.8,46.2,81.2,33.3
"526","Jack Suwinski",669261,2024,4.02166065,0.2326388889,277,9.7,1114,0.361,19.8,88.9,77.1,72.6,22.9
"527","Seiya Suzuki",673548,2024,4.288888889,0.2786069652,585,10.8,2509,0.453,25.7,91.7,79.3,75.5,34
"528","Dansby Swanson",621020,2024,3.971332209,0.2310177706,593,9.1,2355,0.416,24.4,89.4,76,71.3,23.2
"529","Trey Sweeney",700242,2024,3.764705882,0.1806451613,119,5.9,448,0.411,23.1,91.1,66.5,67.6,29.1
"530","Fernando Tatis Jr.",665487,2024,3.54109589,0.2,438,7.3,1551,0.538,28.1,93.5,71.8,71.9,26.1
"531","Mike Tauchman",643565,2024,4.391428571,0.3168044077,350,13.4,1537,0.38,24.4,89,77.3,77.5,31.4
"532","Leody Taveras",665750,2024,3.79584121,0.2212065814,529,7.9,2008,0.368,24.1,89,71,73.8,27.2
"533","Chris Taylor",621035,2024,4.25203252,0.2808988764,246,11.4,1046,0.343,19.3,85.9,80.4,68.7,25
"534","Michael A. Taylor",572191,2024,4.006666667,0.2032258065,300,7.7,1202,0.333,17.9,89.3,69.6,60.8,25.6
"535","Tyrone Taylor",621438,2024,3.834782609,0.1604010025,345,5.5,1323,0.389,27.1,87.3,67.6,77.8,24.5
"536","Rowdy Tellez",642133,2024,3.957244656,0.2009345794,421,7.4,1666,0.394,22.1,89.4,72.6,78.1,25.4
"537","José Tena",677588,2024,4.005952381,0.2011494253,168,4.2,673,0.417,27.9,91.2,67.1,76,21.7
"538","Bryce Teodosio",669326,2024,3.583333333,0.08333333333,12,0,43,0.14,9.1,78.9,61.9,48.1,14.3
"539","Matt Thaiss",642136,2024,4.053763441,0.3020833333,186,15.1,754,0.323,18.7,86.6,78,60.4,28
"540","Alek Thomas",677950,2024,3.611650485,0.1666666667,103,6.8,372,0.446,35.3,91.2,69.7,74.9,19
"541","Lane Thomas",657041,2024,3.939393939,0.2373158756,528,8.3,2080,0.377,26,88.8,77.1,76.7,26.8
"542","Bubba Thompson",669352,2024,4.277777778,0.1666666667,18,0,77,0.266,11.8,85.7,57.5,45.5,14.3
"543","Michael Toglia",669911,2024,4.192139738,0.2752688172,458,11.8,1920,0.503,21.4,92.1,72.7,65.1,36.1
"544","Spencer Torkelson",679529,2024,4.181102362,0.2577565632,381,8.7,1593,0.351,20.5,89,76.8,73.4,31.1
"545","Abraham Toro",647351,2024,3.82967033,0.1747311828,364,5.5,1394,0.365,29.9,87.2,69.1,82.6,25.6
"546","Luis Torrens",620443,2024,3.923076923,0.2086330935,130,6.9,510,0.4,25.9,89.6,75.3,78.1,25.3
"547","Gleyber Torres",650402,2024,4.242105263,0.2683578104,665,9.8,2821,0.368,26,88.6,78.6,77.1,29.9
"548","Ezequiel Tovar",678662,2024,3.637410072,0.1211267606,695,3.3,2528,0.401,20.9,88.8,55.9,66.5,33.6
"549","Alan Trejo",676701,2024,3.298507463,0.1014492754,67,3,221,0.242,33,86.5,60.7,74.2,28.6
"550","Jose Trevino",624431,2024,3.829059829,0.2222222222,234,8.5,896,0.312,34,88.1,71.3,81.3,27.5
"551","Jared Triolo",669707,2024,3.955156951,0.2418300654,446,9.4,1764,0.332,22.8,88.4,74.9,72.6,26
"552","Chadwick Tromp",644433,2024,3.37037037,0.1111111111,54,1.9,182,0.327,21.3,88.1,59.6,63.3,25
"553","Mike Trout",545361,2024,4.555555556,0.2962962963,126,12.7,574,0.591,19.7,89.2,81.4,79.5,39
"554","Cole Tucker",657061,2024,4.157894737,0.2881355932,57,10.5,237,0.269,24.4,90.2,77.5,72.8,20.6
"555","Kyle Tucker",663656,2024,3.979351032,0.3259668508,339,16.5,1349,0.536,30.5,91.1,82.5,81,41.3
"556","Brice Turang",668930,2024,3.990306947,0.1993957704,619,8.1,2470,0.34,29.1,87,71.6,86.2,17.7
"557","Justin Turner",457759,2024,4.304267161,0.2603231598,539,10.9,2320,0.383,27.9,87.1,74.9,83,30.6
"558","Trea Turner",607208,2024,3.790352505,0.1791304348,539,5,2043,0.419,25.6,89.1,66.1,73.9,26.5
"559","Luis Urías",649966,2024,4.146788991,0.2232142857,109,8.3,452,0.4,21.6,87.1,71.8,76.9,28.3
"560","Ramón Urías",602104,2024,3.820598007,0.2329192547,301,7.6,1150,0.429,25.7,88.3,74.2,73.2,27.5
"561","Gio Urshela",570482,2024,3.672451193,0.144373673,461,5,1693,0.389,28.9,86.4,63.6,79.7,19.7
"562","Enmanuel Valdez",665839,2024,4.121076233,0.2274678112,223,7.6,919,0.407,25.6,89.4,71.4,77.9,32.7
"563","Ildemaro Vargas",545121,2024,3.491749175,0.1656050955,303,6.3,1058,0.322,35.6,87,69.9,87.4,16.7
"564","Miguel Vargas",678246,2024,4.257383966,0.256097561,237,10.5,1009,0.288,23,86.2,78.2,78.4,36.2
"565","Daulton Varsho",662139,2024,3.992202729,0.2224334601,513,9.4,2048,0.316,17.7,86.1,74.1,73,30.6
"566","Andrew Vaughn",683734,2024,3.775444265,0.1878881988,619,6.1,2337,0.44,28.3,90.3,67,78,30.9
"567","Christian Vázquez",543877,2024,3.622222222,0.1671826625,315,3.5,1141,0.348,31.1,88.5,65.9,79.2,29.4
"568","Luis Vázquez",676679,2024,3.642857143,0,14,0,51,0.118,7.7,84.3,55.6,51.6,0
"569","Nelson Velázquez",676369,2024,3.926086957,0.2735042735,230,8.3,903,0.396,21.4,88.2,74.4,64.5,34
"570","Alex Verdugo",657077,2024,3.771336554,0.2026049204,621,7.9,2342,0.373,33.4,88.3,74.5,84.5,23
"571","Mark Vientos",668901,2024,3.86784141,0.1818181818,454,7.3,1756,0.463,23.9,91.2,67.7,65.6,24.4
"572","Matt Vierling",663837,2024,4.077601411,0.2297939778,567,7.2,2312,0.393,29.3,89.8,78,80.5,23.6
"573","Ryan Vilade",668723,2024,3.836734694,0.18,49,4.1,188,0.305,18.5,86.2,64.8,76,20
"574","David Villar",681584,2024,3.675675676,0.2105263158,37,2.7,136,0.434,26.4,91.3,71.9,65.6,39.1
"575","Daniel Vogelbach",596129,2024,4.582278481,0.3536585366,79,11.4,362,0.466,37.2,90.9,82.2,84.3,18.9
"576","Anthony Volpe",683011,2024,4.059506531,0.2255541069,689,6.1,2797,0.332,25.5,87.7,70.7,77.4,21.6
"577","Jason Vosler",613564,2024,4,0.1935483871,30,6.7,120,0.414,24.5,92.6,71.7,72.6,21.1
"578","LaMonte Wade Jr.",664774,2024,4.087281796,0.3146341463,401,15.5,1639,0.428,27,90.6,79.8,75.8,25.7
"579","Tyler Wade",642180,2024,3.762820513,0.2546583851,156,7.1,587,0.31,31.3,83.7,74.3,79.2,18.6
"580","Eric Wagaman",676572,2024,3.635135135,0.2,74,2.7,269,0.412,24.5,91.7,70.5,79.1,25.5
"581","Will Wagner",695238,2024,4.23255814,0.2134831461,86,4.7,364,0.488,32.2,90.6,72,80.7,15.2
"582","Christian Walker",572233,2024,4.19384058,0.2604895105,552,10,2315,0.457,20.2,91.2,75.7,74.4,31.9
"583","Jordan Walker",691023,2024,3.758426966,0.1851851852,178,5.6,669,0.359,20.5,91.2,67.6,68.4,26.7
"584","Forrest Wall",657088,2024,3.685714286,0.2,35,8.6,129,0.252,31.4,89.2,70.5,63.6,33.3
"585","Matt Wallner",670242,2024,3.946360153,0.2481203008,261,9.2,1030,0.468,15.4,92.8,74,61.6,34.1
"586","Taylor Walls",670764,2024,4.079365079,0.2808988764,252,12.3,1028,0.259,24.5,86.1,79.7,75,29.9
"587","Jared Walsh",665120,2024,4.366666667,0.2903225806,60,11.7,262,0.4,15.3,84.2,79.7,58.7,37.5
"588","Donovan Walton",622268,2024,3.84,0.2142857143,25,8,96,0.276,16.2,84.1,77.8,71.7,20
"589","Taylor Ward",621493,2024,3.920060332,0.2265512266,663,9.5,2599,0.458,29.6,90.9,79.2,74.5,36.3
"590","Drew Waters",671221,2024,4.947368421,0.4,19,10.5,94,0.138,7.5,77.9,77.4,68.2,30
"591","Austin Wells",669224,2024,3.956521739,0.2166666667,414,11.4,1638,0.429,23.3,88.4,74.5,72.7,29.1
"592","Joey Wendle",621563,2024,3.621621622,0.1315789474,37,2.7,134,0.289,40.4,88.3,59.4,72.6,25.9
"593","Davis Wendzel",673995,2024,3.469387755,0.16,49,2,170,0.375,21.8,85.4,66.7,73.9,28.6
"594","Jamie Westbrook",642197,2024,4.166666667,0.2012847966,48,8.3,200,0.418,23.4,89.4,69.1,67.4,35.7
"595","Jordan Westburg",676059,2024,3.655480984,0.2962962963,447,4.9,1634,0.491,27.2,91.1,69.6,70.7,26.2
"596","Shay Whitcomb",694376,2024,3.934782609,0.2173913043,46,10.9,181,0.417,22.2,88.8,76.3,82.1,30.3
"597","Eli White",642201,2024,3.80952381,0.1666666667,42,2.4,160,0.328,28.4,88.7,76.1,78.2,25.9
"598","Joey Wiemer Jr.",686894,2024,3.892857143,0.1333333333,28,7.1,109,0.298,12.5,82.8,72.5,70.2,17.6
"599","Alika Williams",675961,2024,3.5,0.1414141414,96,3.1,336,0.306,22.5,87.2,69.7,76.9,22.9
"600","Luke Williams",663897,2024,3.307692308,0.1509433962,52,7.7,172,0.266,26,89.6,71.3,74.4,41.2
"601","Jacob Wilson Jr.",805779,2024,3.388349515,0.1467889908,103,7.8,349,0.31,39.7,85.4,63.2,87.3,16.7
"602","Weston Wilson",642215,2024,3.867346939,0.2285714286,98,8.2,379,0.417,24.7,89.7,72.6,66.1,23.3
"603","Jesse Winker",608385,2024,4.061023622,0.284965035,508,12.4,2063,0.384,26.7,88.6,81,80.4,22.2
"604","Masyn Winn",691026,2024,4.015698587,0.2092675635,637,6.4,2558,0.358,26.5,87,69.6,81,24.3
"605","Patrick Wisdom",621550,2024,4.028735632,0.2320441989,174,5.7,701,0.419,19.5,90.9,74.3,68.6,45.5
"606","Brett Wisely",689172,2024,3.632352941,0.1768953069,272,4.8,988,0.313,26,86.8,69.1,77.5,33.9
"607","Bobby Witt Jr.",677951,2024,3.667136812,0.1932555123,709,8,2600,0.577,27.5,92.7,67.9,77.7,30.5
"608","Connor Wong",657136,2024,3.829568789,0.1841584158,487,5.7,1865,0.355,21.3,86.5,70.5,71.2,24.1
"609","James Wood",695578,2024,4.178571429,0.2951289398,336,11.6,1404,0.439,24.2,92.8,79,70.4,18.2
"610","Austin Wynns",642851,2024,3.75,0.09523809524,20,0,75,0.367,34.3,91.5,60.6,74.4,21.4
"611","Mike Yastrzemski",573262,2024,4.124472574,0.2530864198,474,8,1955,0.397,26.9,90.4,76.2,73.9,32
"612","Christian Yelich",592885,2024,4.025396825,0.3072289157,315,12.7,1268,0.471,25.8,91.1,75.1,76.9,19.2
"613","Juan Yepez",660766,2024,3.879518072,0.2037037037,249,7.2,966,0.351,24.1,86.6,67.5,77.9,20.7
"614","Nick Yorke",694377,2024,4.142857143,0.1590909091,42,9.5,174,0.509,19.4,89.7,75.6,68.3,23.1
"615","Masataka Yoshida",807799,2024,3.783847981,0.1900452489,421,6.4,1593,0.394,30.1,88,74.8,85.4,24.4
"616","Jacob Young",696285,2024,3.752399232,0.1642335766,521,5.8,1955,0.317,29.4,85.8,72.2,80.7,15.4
"617","Seby Zavala",664874,2024,3.976744186,0.1956521739,43,7,171,0.352,19.4,90.5,66.2,63.1,29.2
